agent,trial,episode,cumulativeReward,averageReward,cumulativeSteps,numSteps
SOURCE AGENT,0,0,-3420.0,-9.447513812154696,362.0,362.0
SOURCE AGENT,0,1,-4941.0,-4.421511627906977,706.0,344.0
SOURCE AGENT,0,2,-6936.0,-2.7746870653685676,1425.0,719.0
SOURCE AGENT,0,3,-15465.0,-4.051781472684086,3530.0,2105.0
SOURCE AGENT,0,4,-15445.0,0.06944444444444445,3818.0,288.0
SOURCE AGENT,0,5,-19222.0,-3.1112026359143328,5032.0,1214.0
SOURCE AGENT,0,6,-18760.0,3.230769230769231,5175.0,143.0
SOURCE AGENT,0,7,-20880.0,-2.5118483412322274,6019.0,844.0
SOURCE AGENT,0,8,-20708.0,0.7319148936170212,6254.0,235.0
SOURCE AGENT,0,9,-28416.0,-4.104366347177849,8132.0,1878.0
SOURCE AGENT,0,10,-29975.0,-2.296023564064801,8811.0,679.0
SOURCE AGENT,0,11,-33399.0,-5.164404223227753,9474.0,663.0
SOURCE AGENT,0,12,-33382.0,0.058419243986254296,9765.0,291.0
SOURCE AGENT,0,13,-34697.0,-2.4625468164794007,10299.0,534.0
SOURCE AGENT,0,14,-34587.0,0.37037037037037035,10596.0,297.0
SOURCE AGENT,0,15,-34507.0,0.3508771929824561,10824.0,228.0
SOURCE AGENT,0,16,-35163.0,-1.3987206823027718,11293.0,469.0
SOURCE AGENT,0,17,-36219.0,-2.823529411764706,11667.0,374.0
SOURCE AGENT,0,18,-38259.0,-2.670157068062827,12431.0,764.0
SOURCE AGENT,0,19,-42457.0,-3.3882163034705406,13670.0,1239.0
SOURCE AGENT,0,20,-43368.0,-1.731939163498099,14196.0,526.0
SOURCE AGENT,0,21,-44092.0,-2.135693215339233,14535.0,339.0
SOURCE AGENT,0,22,-49132.0,-3.3893745796906525,16022.0,1487.0
SOURCE AGENT,0,23,-50013.0,-1.7762096774193548,16518.0,496.0
SOURCE AGENT,0,24,-50811.0,-2.5414012738853504,16832.0,314.0
SOURCE AGENT,0,25,-51993.0,-3.9139072847682117,17134.0,302.0
SOURCE AGENT,0,26,-51295.0,6.647619047619048,17239.0,105.0
SOURCE AGENT,0,27,-51709.0,-0.9741176470588235,17664.0,425.0
SOURCE AGENT,0,28,-52253.0,-1.5238095238095237,18021.0,357.0
SOURCE AGENT,0,29,-51831.0,2.3060109289617485,18204.0,183.0
SOURCE AGENT,0,30,-52756.0,-2.7046783625730995,18546.0,342.0
SOURCE AGENT,0,31,-53879.0,-3.283625730994152,18888.0,342.0
SOURCE AGENT,0,32,-53734.0,0.5534351145038168,19150.0,262.0
SOURCE AGENT,0,33,-53535.0,0.9567307692307693,19358.0,208.0
SOURCE AGENT,0,34,-52830.0,7.1938775510204085,19456.0,98.0
SOURCE AGENT,0,35,-53219.0,-1.2923588039867109,19757.0,301.0
SOURCE AGENT,0,36,-54861.0,-3.531182795698925,20222.0,465.0
SOURCE AGENT,0,37,-54165.0,6.5046728971962615,20329.0,107.0
SOURCE AGENT,0,38,-58130.0,-4.371554575523705,21236.0,907.0
SOURCE AGENT,0,39,-59594.0,-2.506849315068493,21820.0,584.0
SOURCE AGENT,0,40,-59562.0,0.11594202898550725,22096.0,276.0
SOURCE AGENT,0,41,-59366.0,0.9289099526066351,22307.0,211.0
SOURCE AGENT,0,42,-59296.0,0.29411764705882354,22545.0,238.0
SOURCE AGENT,0,43,-67401.0,-4.097573306370071,24523.0,1978.0
SOURCE AGENT,0,44,-68924.0,-2.368584758942457,25166.0,643.0
SOURCE AGENT,0,45,-69871.0,-2.6016483516483517,25530.0,364.0
SOURCE AGENT,0,46,-69639.0,1.3257142857142856,25705.0,175.0
SOURCE AGENT,0,47,-72545.0,-4.540625,26345.0,640.0
SOURCE AGENT,0,48,-73569.0,-2.3219954648526078,26786.0,441.0
SOURCE AGENT,0,49,-76097.0,-3.8419452887537995,27444.0,658.0
SOURCE AGENT,0,50,-77601.0,-4.599388379204893,27771.0,327.0
SOURCE AGENT,0,51,-77486.0,0.5958549222797928,27964.0,193.0
SOURCE AGENT,0,52,-77155.0,1.8914285714285715,28139.0,175.0
SOURCE AGENT,0,53,-79135.0,-2.8125,28843.0,704.0
SOURCE AGENT,0,54,-83252.0,-4.781649245063879,29704.0,861.0
SOURCE AGENT,0,55,-86617.0,-3.0618744313011828,30803.0,1099.0
SOURCE AGENT,0,56,-86190.0,2.398876404494382,30981.0,178.0
SOURCE AGENT,0,57,-85489.0,6.872549019607843,31083.0,102.0
SOURCE AGENT,0,58,-84943.0,3.4556962025316458,31241.0,158.0
SOURCE AGENT,0,59,-84652.0,2.5086206896551726,31357.0,116.0
SOURCE AGENT,0,60,-83954.0,6.647619047619048,31462.0,105.0
SOURCE AGENT,0,61,-83783.0,0.7245762711864406,31698.0,236.0
SOURCE AGENT,0,62,-84247.0,-1.2340425531914894,32074.0,376.0
SOURCE AGENT,0,63,-88660.0,-6.666163141993958,32736.0,662.0
SOURCE AGENT,0,64,-87953.0,7.364583333333333,32832.0,96.0
SOURCE AGENT,0,65,-88497.0,-3.4213836477987423,32991.0,159.0
SOURCE AGENT,0,66,-97832.0,-9.063106796116505,34021.0,1030.0
SOURCE AGENT,0,67,-97785.0,0.18007662835249041,34282.0,261.0
SOURCE AGENT,0,68,-99779.0,-4.736342042755345,34703.0,421.0
SOURCE AGENT,0,69,-100219.0,-1.7391304347826086,34956.0,253.0
SOURCE AGENT,0,70,-101453.0,-2.2355072463768115,35508.0,552.0
SOURCE AGENT,0,71,-102703.0,-2.6652452025586353,35977.0,469.0
SOURCE AGENT,0,72,-103833.0,-4.52,36227.0,250.0
SOURCE AGENT,0,73,-102998.0,12.462686567164178,36294.0,67.0
SOURCE AGENT,0,74,-104950.0,-5.150395778364116,36673.0,379.0
SOURCE AGENT,0,75,-105041.0,-0.30333333333333334,36973.0,300.0
SOURCE AGENT,0,76,-106931.0,-2.6507713884992987,37686.0,713.0
SOURCE AGENT,0,77,-110425.0,-3.094774136403897,38815.0,1129.0
SOURCE AGENT,0,78,-111646.0,-3.5806451612903225,39156.0,341.0
SOURCE AGENT,0,79,-119212.0,-10.142091152815013,39902.0,746.0
SOURCE AGENT,0,80,-119353.0,-0.40285714285714286,40252.0,350.0
SOURCE AGENT,0,81,-119783.0,-1.2573099415204678,40594.0,342.0
SOURCE AGENT,0,82,-119347.0,2.5798816568047336,40763.0,169.0
SOURCE AGENT,0,83,-119037.0,1.5816326530612246,40959.0,196.0
SOURCE AGENT,0,84,-120736.0,-3.2547892720306515,41481.0,522.0
SOURCE AGENT,0,85,-122393.0,-3.4520833333333334,41961.0,480.0
SOURCE AGENT,0,86,-126114.0,-3.2132987910189983,43119.0,1158.0
SOURCE AGENT,0,87,-127868.0,-2.594674556213018,43795.0,676.0
SOURCE AGENT,0,88,-128385.0,-0.9791666666666666,44323.0,528.0
SOURCE AGENT,0,89,-129622.0,-1.8914373088685015,44977.0,654.0
SOURCE AGENT,0,90,-139058.0,-21.54337899543379,45415.0,438.0
SOURCE AGENT,0,91,-140963.0,-3.0286168521462637,46044.0,629.0
SOURCE AGENT,0,92,-141886.0,-1.7156133828996283,46582.0,538.0
SOURCE AGENT,0,93,-144369.0,-3.4873595505617976,47294.0,712.0
SOURCE AGENT,0,94,-148067.0,-3.9466382070437565,48231.0,937.0
SOURCE AGENT,0,95,-148819.0,-1.613733905579399,48697.0,466.0
SOURCE AGENT,0,96,-155335.0,-3.8878281622911692,50373.0,1676.0
SOURCE AGENT,0,97,-155534.0,-0.6440129449838188,50682.0,309.0
SOURCE AGENT,0,98,-154944.0,5.175438596491228,50796.0,114.0
SOURCE AGENT,0,99,-155199.0,-0.9586466165413534,51062.0,266.0
SOURCE AGENT,0,100,-155235.0,-0.2465753424657534,51208.0,146.0
SOURCE AGENT,0,101,-154674.0,3.923076923076923,51351.0,143.0
SOURCE AGENT,0,102,-159643.0,-3.7729688686408505,52668.0,1317.0
SOURCE AGENT,0,103,-160781.0,-2.495614035087719,53124.0,456.0
SOURCE AGENT,0,104,-161876.0,-1.7921440261865793,53735.0,611.0
SOURCE AGENT,0,105,-163419.0,-2.0249343832021,54497.0,762.0
SOURCE AGENT,0,106,-162584.0,12.462686567164178,54564.0,67.0
SOURCE AGENT,0,107,-162779.0,-0.639344262295082,54869.0,305.0
SOURCE AGENT,0,108,-161944.0,12.462686567164178,54936.0,67.0
SOURCE AGENT,0,109,-163405.0,-2.514629948364888,55517.0,581.0
SOURCE AGENT,0,110,-164829.0,-2.214618973561431,56160.0,643.0
SOURCE AGENT,0,111,-164261.0,4.176470588235294,56296.0,136.0
SOURCE AGENT,0,112,-164954.0,-2.25,56604.0,308.0
SOURCE AGENT,0,113,-166546.0,-3.836144578313253,57019.0,415.0
SOURCE AGENT,0,114,-169857.0,-7.341463414634147,57470.0,451.0
SOURCE AGENT,0,115,-169308.0,3.541935483870968,57625.0,155.0
SOURCE AGENT,0,116,-168575.0,10.471428571428572,57695.0,70.0
SOURCE AGENT,0,117,-168136.0,2.644578313253012,57861.0,166.0
SOURCE AGENT,0,118,-169345.0,-9.229007633587786,57992.0,131.0
SOURCE AGENT,0,119,-172065.0,-4.171779141104294,58644.0,652.0
SOURCE AGENT,0,120,-173712.0,-2.8945518453427064,59213.0,569.0
SOURCE AGENT,0,121,-174681.0,-1.997938144329897,59698.0,485.0
SOURCE AGENT,0,122,-174928.0,-0.6918767507002801,60055.0,357.0
SOURCE AGENT,0,123,-174646.0,1.2589285714285714,60279.0,224.0
SOURCE AGENT,0,124,-175890.0,-1.8819969742813918,60940.0,661.0
SOURCE AGENT,0,125,-175203.0,5.922413793103448,61056.0,116.0
SOURCE AGENT,0,126,-174868.0,1.95906432748538,61227.0,171.0
SOURCE AGENT,0,127,-176983.0,-2.858108108108108,61967.0,740.0
SOURCE AGENT,0,128,-176288.0,6.435185185185185,62075.0,108.0
SOURCE AGENT,0,129,-176300.0,-0.05429864253393665,62296.0,221.0
SOURCE AGENT,0,130,-175769.0,3.069364161849711,62469.0,173.0
SOURCE AGENT,0,131,-180105.0,-4.419979612640163,63450.0,981.0
SOURCE AGENT,0,132,-181058.0,-2.575675675675676,63820.0,370.0
SOURCE AGENT,0,133,-184331.0,-3.250248262164846,64827.0,1007.0
SOURCE AGENT,0,134,-186815.0,-2.4594059405940594,65837.0,1010.0
SOURCE AGENT,0,135,-187786.0,-5.110526315789474,66027.0,190.0
SOURCE AGENT,0,136,-193923.0,-6.811320754716981,66928.0,901.0
SOURCE AGENT,0,137,-195585.0,-4.305699481865285,67314.0,386.0
SOURCE AGENT,0,138,-197822.0,-4.8004291845493565,67780.0,466.0
SOURCE AGENT,0,139,-197361.0,3.201388888888889,67924.0,144.0
SOURCE AGENT,0,140,-196688.0,5.176923076923077,68054.0,130.0
SOURCE AGENT,0,141,-199465.0,-4.552459016393443,68664.0,610.0
SOURCE AGENT,0,142,-201328.0,-3.1737649063032367,69251.0,587.0
SOURCE AGENT,0,143,-201833.0,-1.5880503144654088,69569.0,318.0
SOURCE AGENT,0,144,-202085.0,-0.5466377440347071,70030.0,461.0
SOURCE AGENT,0,145,-201909.0,0.7619047619047619,70261.0,231.0
SOURCE AGENT,0,146,-202299.0,-1.9211822660098523,70464.0,203.0
SOURCE AGENT,0,147,-204426.0,-4.674725274725275,70919.0,455.0
SOURCE AGENT,0,148,-203735.0,6.169642857142857,71031.0,112.0
SOURCE AGENT,0,149,-208819.0,-11.502262443438914,71473.0,442.0
SOURCE AGENT,0,150,-210215.0,-4.389937106918239,71791.0,318.0
SOURCE AGENT,0,151,-212757.0,-3.2970168612191957,72562.0,771.0
SOURCE AGENT,0,152,-213075.0,-0.9665653495440729,72891.0,329.0
SOURCE AGENT,0,153,-215701.0,-7.294444444444444,73251.0,360.0
SOURCE AGENT,0,154,-217256.0,-5.573476702508961,73530.0,279.0
SOURCE AGENT,0,155,-219433.0,-10.466346153846153,73738.0,208.0
SOURCE AGENT,0,156,-224537.0,-7.733333333333333,74398.0,660.0
SOURCE AGENT,0,157,-223947.0,5.175438596491228,74512.0,114.0
SOURCE AGENT,0,158,-223214.0,10.471428571428572,74582.0,70.0
SOURCE AGENT,0,159,-223607.0,-1.2885245901639344,74887.0,305.0
SOURCE AGENT,0,160,-223917.0,-0.9657320872274143,75208.0,321.0
SOURCE AGENT,0,161,-226112.0,-5.17688679245283,75632.0,424.0
SOURCE AGENT,0,162,-225277.0,12.462686567164178,75699.0,67.0
SOURCE AGENT,0,163,-225928.0,-2.4473684210526314,75965.0,266.0
SOURCE AGENT,0,164,-227661.0,-10.83125,76125.0,160.0
SOURCE AGENT,0,165,-227248.0,2.1510416666666665,76317.0,192.0
SOURCE AGENT,0,166,-227248.0,0.0,76427.0,110.0
SOURCE AGENT,0,167,-227283.0,-0.14344262295081966,76671.0,244.0
SOURCE AGENT,0,168,-226708.0,4.457364341085271,76800.0,129.0
SOURCE AGENT,0,169,-226113.0,5.458715596330276,76909.0,109.0
SOURCE AGENT,0,170,-226160.0,-0.29936305732484075,77066.0,157.0
SOURCE AGENT,0,171,-225459.0,6.872549019607843,77168.0,102.0
SOURCE AGENT,0,172,-224725.0,10.63768115942029,77237.0,69.0
SOURCE AGENT,0,173,-224171.0,3.6933333333333334,77387.0,150.0
SOURCE AGENT,0,174,-226517.0,-4.928571428571429,77863.0,476.0
SOURCE AGENT,0,175,-225825.0,6.2342342342342345,77974.0,111.0
SOURCE AGENT,0,176,-224999.0,10.868421052631579,78050.0,76.0
SOURCE AGENT,0,177,-225708.0,-1.6761229314420805,78473.0,423.0
SOURCE AGENT,0,178,-224990.0,8.447058823529412,78558.0,85.0
SOURCE AGENT,0,179,-224676.0,1.6354166666666667,78750.0,192.0
SOURCE AGENT,0,180,-223851.0,10.714285714285714,78827.0,77.0
SOURCE AGENT,0,181,-227239.0,-4.1066666666666665,79652.0,825.0
SOURCE AGENT,0,182,-228524.0,-6.207729468599034,79859.0,207.0
SOURCE AGENT,0,183,-228214.0,1.5816326530612246,80055.0,196.0
SOURCE AGENT,0,184,-227619.0,5.458715596330276,80164.0,109.0
SOURCE AGENT,0,185,-227459.0,0.6477732793522267,80411.0,247.0
SOURCE AGENT,0,186,-226768.0,6.169642857142857,80523.0,112.0
SOURCE AGENT,0,187,-226454.0,1.6354166666666667,80715.0,192.0
SOURCE AGENT,0,188,-227677.0,-2.766968325791855,81157.0,442.0
SOURCE AGENT,0,189,-229174.0,-2.090782122905028,81873.0,716.0
SOURCE AGENT,0,190,-229918.0,-1.6244541484716157,82331.0,458.0
SOURCE AGENT,0,191,-229357.0,3.923076923076923,82474.0,143.0
SOURCE AGENT,0,192,-229675.0,-1.382608695652174,82704.0,230.0
SOURCE AGENT,0,193,-229883.0,-0.4988009592326139,83121.0,417.0
SOURCE AGENT,0,194,-231740.0,-2.7308823529411765,83801.0,680.0
SOURCE AGENT,0,195,-233770.0,-5.670391061452514,84159.0,358.0
SOURCE AGENT,0,196,-233233.0,3.215568862275449,84326.0,167.0
SOURCE AGENT,0,197,-232394.0,13.317460317460318,84389.0,63.0
SOURCE AGENT,0,198,-235211.0,-2.264469453376206,85633.0,1244.0
SOURCE AGENT,0,199,-234486.0,9.294871794871796,85711.0,78.0
SOURCE AGENT,0,200,-233931.0,3.7248322147651005,85860.0,149.0
SOURCE AGENT,0,201,-233687.0,0.9312977099236641,86122.0,262.0
SOURCE AGENT,0,202,-233083.0,6.04,86222.0,100.0
SOURCE AGENT,0,203,-233388.0,-2.5847457627118646,86340.0,118.0
SOURCE AGENT,0,204,-240447.0,-3.3297169811320755,88460.0,2120.0
SOURCE AGENT,0,205,-242374.0,-2.032700421940928,89408.0,948.0
SOURCE AGENT,0,206,-241817.0,3.7891156462585034,89555.0,147.0
SOURCE AGENT,0,207,-241793.0,0.08450704225352113,89839.0,284.0
SOURCE AGENT,0,208,-244795.0,-2.6519434628975267,90971.0,1132.0
SOURCE AGENT,0,209,-249635.0,-2.8758169934640523,92654.0,1683.0
SOURCE AGENT,0,210,-249119.0,2.74468085106383,92842.0,188.0
SOURCE AGENT,0,211,-248775.0,1.318007662835249,93103.0,261.0
SOURCE AGENT,0,212,-258251.0,-7.461417322834646,94373.0,1270.0
SOURCE AGENT,0,213,-257684.0,4.138686131386861,94510.0,137.0
SOURCE AGENT,0,214,-257590.0,0.8173913043478261,94625.0,115.0
SOURCE AGENT,0,215,-259861.0,-2.2824120603015077,95620.0,995.0
SOURCE AGENT,0,216,-260339.0,-0.9775051124744376,96109.0,489.0
SOURCE AGENT,0,217,-262568.0,-3.3978658536585367,96765.0,656.0
SOURCE AGENT,0,218,-264134.0,-1.9949044585987261,97550.0,785.0
SOURCE AGENT,0,219,-264518.0,-1.9492385786802031,97747.0,197.0
SOURCE AGENT,0,220,-264084.0,2.538011695906433,97918.0,171.0
SOURCE AGENT,0,221,-263387.0,6.5754716981132075,98024.0,106.0
SOURCE AGENT,0,222,-262701.0,5.863247863247863,98141.0,117.0
SOURCE AGENT,0,223,-261994.0,7.364583333333333,98237.0,96.0
SOURCE AGENT,0,224,-261692.0,1.4803921568627452,98441.0,204.0
SOURCE AGENT,0,225,-261656.0,0.20809248554913296,98614.0,173.0
SOURCE AGENT,0,226,-263259.0,-12.426356589147288,98743.0,129.0
SOURCE AGENT,0,227,-262585.0,5.224806201550388,98872.0,129.0
SOURCE AGENT,0,228,-262040.0,3.4276729559748427,99031.0,159.0
SOURCE AGENT,0,229,-262497.0,-1.2384823848238482,99400.0,369.0
SOURCE AGENT,0,230,-261848.0,4.214285714285714,99554.0,154.0
SOURCE AGENT,0,231,-261155.0,6.3,99664.0,110.0
SOURCE AGENT,0,232,-260664.0,4.307017543859649,99778.0,114.0
SOURCE AGENT,0,233,-261861.0,-3.77602523659306,100095.0,317.0
SOURCE AGENT,0,234,-261161.0,6.796116504854369,100198.0,103.0
SOURCE AGENT,0,235,-261174.0,-0.10569105691056911,100321.0,123.0
SOURCE AGENT,0,236,-262795.0,-2.5249221183800623,100963.0,642.0
SOURCE AGENT,0,237,-261967.0,11.18918918918919,101037.0,74.0
SOURCE AGENT,0,238,-263893.0,-3.49546279491833,101588.0,551.0
SOURCE AGENT,0,239,-264804.0,-1.731939163498099,102114.0,526.0
SOURCE AGENT,0,240,-264246.0,3.8219178082191783,102260.0,146.0
SOURCE AGENT,0,241,-265436.0,-5.639810426540285,102471.0,211.0
SOURCE AGENT,0,242,-265286.0,0.9493670886075949,102629.0,158.0
SOURCE AGENT,0,243,-267571.0,-2.2646184340931614,103638.0,1009.0
SOURCE AGENT,0,244,-267826.0,-0.6986301369863014,104003.0,365.0
SOURCE AGENT,0,245,-268558.0,-2.1095100864553316,104350.0,347.0
SOURCE AGENT,0,246,-269428.0,-3.0313588850174216,104637.0,287.0
SOURCE AGENT,0,247,-270040.0,-1.8773006134969326,104963.0,326.0
SOURCE AGENT,0,248,-269648.0,1.84037558685446,105176.0,213.0
SOURCE AGENT,0,249,-270101.0,-1.7030075187969924,105442.0,266.0
SOURCE AGENT,0,250,-271385.0,-1.605,106242.0,800.0
SOURCE AGENT,0,251,-270580.0,8.29896907216495,106339.0,97.0
SOURCE AGENT,0,252,-269752.0,11.18918918918919,106413.0,74.0
SOURCE AGENT,0,253,-270020.0,-0.9605734767025089,106692.0,279.0
SOURCE AGENT,0,254,-269325.0,6.435185185185185,106800.0,108.0
SOURCE AGENT,0,255,-271197.0,-3.766599597585513,107297.0,497.0
SOURCE AGENT,0,256,-271443.0,-0.9571984435797666,107554.0,257.0
SOURCE AGENT,0,257,-271007.0,2.5798816568047336,107723.0,169.0
SOURCE AGENT,0,258,-273088.0,-3.4283360790774298,108330.0,607.0
SOURCE AGENT,0,259,-272674.0,2.167539267015707,108521.0,191.0
SOURCE AGENT,0,260,-272313.0,1.4795081967213115,108765.0,244.0
SOURCE AGENT,0,261,-273847.0,-2.345565749235474,109419.0,654.0
SOURCE AGENT,0,262,-273840.0,0.023255813953488372,109720.0,301.0
SOURCE AGENT,0,263,-275825.0,-2.7997179125528913,110429.0,709.0
SOURCE AGENT,0,264,-275503.0,1.75,110613.0,184.0
SOURCE AGENT,0,265,-275027.0,3.689922480620155,110742.0,129.0
SOURCE AGENT,0,266,-274743.0,1.2792792792792793,110964.0,222.0
SOURCE AGENT,0,267,-274185.0,3.8219178082191783,111110.0,146.0
SOURCE AGENT,0,268,-273774.0,2.118556701030928,111304.0,194.0
SOURCE AGENT,0,269,-276863.0,-4.266574585635359,112028.0,724.0
SOURCE AGENT,0,270,-278036.0,-1.988135593220339,112618.0,590.0
SOURCE AGENT,0,271,-278407.0,-1.3109540636042403,112901.0,283.0
SOURCE AGENT,0,272,-279508.0,-1.7844408427876823,113518.0,617.0
SOURCE AGENT,0,273,-279833.0,-0.7471264367816092,113953.0,435.0
SOURCE AGENT,0,274,-279659.0,0.7467811158798283,114186.0,233.0
SOURCE AGENT,0,275,-279685.0,-0.07784431137724551,114520.0,334.0
SOURCE AGENT,0,276,-278982.0,7.03,114620.0,100.0
SOURCE AGENT,0,277,-278711.0,1.1531914893617021,114855.0,235.0
SOURCE AGENT,0,278,-278006.0,7.1938775510204085,114953.0,98.0
SOURCE AGENT,0,279,-280463.0,-2.499491353001017,115936.0,983.0
SOURCE AGENT,0,280,-279751.0,7.824175824175824,116027.0,91.0
SOURCE AGENT,0,281,-279181.0,4.253731343283582,116161.0,134.0
SOURCE AGENT,0,282,-278693.0,4.170940170940171,116278.0,117.0
SOURCE AGENT,0,283,-279392.0,-1.365234375,116790.0,512.0
SOURCE AGENT,0,284,-278562.0,11.527777777777779,116862.0,72.0
SOURCE AGENT,0,285,-277862.0,6.796116504854369,116965.0,103.0
SOURCE AGENT,0,286,-277931.0,-0.3854748603351955,117144.0,179.0
SOURCE AGENT,0,287,-277107.0,10.564102564102564,117222.0,78.0
SOURCE AGENT,0,288,-276281.0,10.868421052631579,117298.0,76.0
SOURCE AGENT,0,289,-276974.0,-1.7027027027027026,117705.0,407.0
SOURCE AGENT,0,290,-276336.0,9.666666666666666,117771.0,66.0
SOURCE AGENT,0,291,-276405.0,-0.1830238726790451,118148.0,377.0
SOURCE AGENT,0,292,-276073.0,1.9080459770114941,118322.0,174.0
SOURCE AGENT,0,293,-276407.0,-0.7522522522522522,118766.0,444.0
SOURCE AGENT,0,294,-277855.0,-5.343173431734317,119037.0,271.0
SOURCE AGENT,0,295,-277943.0,-0.4444444444444444,119235.0,198.0
SOURCE AGENT,0,296,-277257.0,5.863247863247863,119352.0,117.0
SOURCE AGENT,0,297,-276915.0,2.0853658536585367,119516.0,164.0
SOURCE AGENT,0,298,-276224.0,6.169642857142857,119628.0,112.0
SOURCE AGENT,0,299,-276304.0,-0.20618556701030927,120016.0,388.0
SOURCE AGENT,0,300,-277253.0,-2.592896174863388,120382.0,366.0
SOURCE AGENT,0,301,-276424.0,11.356164383561644,120455.0,73.0
SOURCE AGENT,0,302,-276875.0,-0.9761904761904762,120917.0,462.0
SOURCE AGENT,0,303,-277292.0,-0.9742990654205608,121345.0,428.0
SOURCE AGENT,0,304,-276723.0,4.214814814814815,121480.0,135.0
SOURCE AGENT,0,305,-276505.0,2.422222222222222,121570.0,90.0
SOURCE AGENT,0,306,-275765.0,11.746031746031745,121633.0,63.0
SOURCE AGENT,0,307,-276381.0,-1.1666666666666667,122161.0,528.0
SOURCE AGENT,0,308,-275949.0,2.4971098265895955,122334.0,173.0
SOURCE AGENT,0,309,-275242.0,7.364583333333333,122430.0,96.0
SOURCE AGENT,0,310,-274741.0,4.8173076923076925,122534.0,104.0
SOURCE AGENT,0,311,-274360.0,1.7008928571428572,122758.0,224.0
SOURCE AGENT,0,312,-273664.0,6.5046728971962615,122865.0,107.0
SOURCE AGENT,0,313,-272982.0,5.636363636363637,122986.0,121.0
SOURCE AGENT,0,314,-273841.0,-1.8122362869198312,123460.0,474.0
SOURCE AGENT,0,315,-274529.0,-1.3732534930139721,123961.0,501.0
SOURCE AGENT,0,316,-274177.0,1.391304347826087,124214.0,253.0
SOURCE AGENT,0,317,-274286.0,-0.34276729559748426,124532.0,318.0
SOURCE AGENT,0,318,-273448.0,13.09375,124596.0,64.0
SOURCE AGENT,0,319,-273631.0,-0.6245733788395904,124889.0,293.0
SOURCE AGENT,0,320,-272798.0,12.072463768115941,124958.0,69.0
SOURCE AGENT,0,321,-274537.0,-3.7559395248380127,125421.0,463.0
SOURCE AGENT,0,322,-275659.0,-1.5223880597014925,126158.0,737.0
SOURCE AGENT,0,323,-275309.0,1.3725490196078431,126413.0,255.0
SOURCE AGENT,0,324,-274475.0,12.264705882352942,126481.0,68.0
SOURCE AGENT,0,325,-276320.0,-3.242530755711775,127050.0,569.0
SOURCE AGENT,0,326,-276881.0,-3.1875,127226.0,176.0
SOURCE AGENT,0,327,-276157.0,9.164556962025317,127305.0,79.0
SOURCE AGENT,0,328,-275770.0,1.775229357798165,127523.0,218.0
SOURCE AGENT,0,329,-276802.0,-1.8832116788321167,128071.0,548.0
SOURCE AGENT,0,330,-276518.0,1.2792792792792793,128293.0,222.0
SOURCE AGENT,0,331,-275686.0,11.885714285714286,128363.0,70.0
SOURCE AGENT,0,332,-275658.0,0.1,128643.0,280.0
SOURCE AGENT,0,333,-276770.0,-2.1020793950850662,129172.0,529.0
SOURCE AGENT,0,334,-277916.0,-2.035523978685613,129735.0,563.0
SOURCE AGENT,0,335,-277782.0,0.4908424908424908,130008.0,273.0
SOURCE AGENT,0,336,-277078.0,7.111111111111111,130107.0,99.0
SOURCE AGENT,0,337,-276815.0,1.0823045267489713,130350.0,243.0
SOURCE AGENT,0,338,-276109.0,7.278350515463917,130447.0,97.0
SOURCE AGENT,0,339,-276107.0,0.0049382716049382715,130852.0,405.0
SOURCE AGENT,0,340,-278136.0,-7.864341085271318,131110.0,258.0
SOURCE AGENT,0,341,-280476.0,-3.0508474576271185,131877.0,767.0
SOURCE AGENT,0,342,-280354.0,0.4280701754385965,132162.0,285.0
SOURCE AGENT,0,343,-279540.0,9.25,132250.0,88.0
SOURCE AGENT,0,344,-278707.0,12.072463768115941,132319.0,69.0
SOURCE AGENT,0,345,-284844.0,-8.72972972972973,133022.0,703.0
SOURCE AGENT,0,346,-286467.0,-1.9275534441805227,133864.0,842.0
SOURCE AGENT,0,347,-286505.0,-0.15384615384615385,134111.0,247.0
SOURCE AGENT,0,348,-286038.0,3.3840579710144927,134249.0,138.0
SOURCE AGENT,0,349,-285481.0,3.7891156462585034,134396.0,147.0
SOURCE AGENT,0,350,-284920.0,3.923076923076923,134539.0,143.0
SOURCE AGENT,0,351,-284092.0,11.18918918918919,134613.0,74.0
SOURCE AGENT,0,352,-284704.0,-2.696035242290749,134840.0,227.0
SOURCE AGENT,0,353,-284001.0,7.03,134940.0,100.0
SOURCE AGENT,0,354,-283889.0,0.5714285714285714,135136.0,196.0
SOURCE AGENT,0,355,-283325.0,4.0285714285714285,135276.0,140.0
SOURCE AGENT,0,356,-283809.0,-0.9777777777777777,135771.0,495.0
SOURCE AGENT,0,357,-283949.0,-0.3125,136219.0,448.0
SOURCE AGENT,0,358,-284391.0,-1.7333333333333334,136474.0,255.0
SOURCE AGENT,0,359,-284725.0,-0.7522522522522522,136918.0,444.0
SOURCE AGENT,0,360,-284137.0,5.068965517241379,137034.0,116.0
SOURCE AGENT,0,361,-285207.0,-1.562043795620438,137719.0,685.0
SOURCE AGENT,0,362,-285138.0,0.28870292887029286,137958.0,239.0
SOURCE AGENT,0,363,-284320.0,9.738095238095237,138042.0,84.0
SOURCE AGENT,0,364,-283840.0,3.84,138167.0,125.0
SOURCE AGENT,0,365,-284647.0,-1.3016129032258064,138787.0,620.0
SOURCE AGENT,0,366,-284518.0,0.46402877697841727,139065.0,278.0
SOURCE AGENT,0,367,-285400.0,-2.9498327759197323,139364.0,299.0
SOURCE AGENT,0,368,-284562.0,13.09375,139428.0,64.0
SOURCE AGENT,0,369,-283729.0,12.072463768115941,139497.0,69.0
SOURCE AGENT,0,370,-282889.0,13.548387096774194,139559.0,62.0
SOURCE AGENT,0,371,-282052.0,12.876923076923077,139624.0,65.0
SOURCE AGENT,0,372,-281216.0,12.666666666666666,139690.0,66.0
SOURCE AGENT,0,373,-281439.0,-1.651851851851852,139825.0,135.0
SOURCE AGENT,0,374,-283908.0,-8.175496688741722,140127.0,302.0
SOURCE AGENT,0,375,-283409.0,2.4341463414634146,140332.0,205.0
SOURCE AGENT,0,376,-282708.0,6.872549019607843,140434.0,102.0
SOURCE AGENT,0,377,-281868.0,13.548387096774194,140496.0,62.0
SOURCE AGENT,0,378,-284910.0,-10.825622775800712,140777.0,281.0
SOURCE AGENT,0,379,-284359.0,3.6013071895424837,140930.0,153.0
SOURCE AGENT,0,380,-284134.0,0.800711743772242,141211.0,281.0
SOURCE AGENT,0,381,-283546.0,5.068965517241379,141327.0,116.0
SOURCE AGENT,0,382,-282701.0,14.824561403508772,141384.0,57.0
SOURCE AGENT,0,383,-283310.0,-1.8854489164086687,141707.0,323.0
SOURCE AGENT,0,384,-282764.0,3.4556962025316458,141865.0,158.0
SOURCE AGENT,0,385,-282192.0,4.333333333333333,141997.0,132.0
SOURCE AGENT,0,386,-282898.0,-1.680952380952381,142417.0,420.0
SOURCE AGENT,0,387,-282594.0,2.9514563106796117,142520.0,103.0
SOURCE AGENT,0,388,-281920.0,5.224806201550388,142649.0,129.0
SOURCE AGENT,0,389,-281897.0,0.12365591397849462,142835.0,186.0
SOURCE AGENT,0,390,-281231.0,4.861313868613139,142972.0,137.0
SOURCE AGENT,0,391,-281725.0,-1.6091205211726385,143279.0,307.0
SOURCE AGENT,0,392,-281519.0,2.019607843137255,143381.0,102.0
SOURCE AGENT,0,393,-280819.0,6.796116504854369,143484.0,103.0
SOURCE AGENT,0,394,-279982.0,12.876923076923077,143549.0,65.0
SOURCE AGENT,0,395,-279341.0,3.95679012345679,143711.0,162.0
SOURCE AGENT,0,396,-278507.0,12.264705882352942,143779.0,68.0
SOURCE AGENT,0,397,-278775.0,-1.488888888888889,143959.0,180.0
SOURCE AGENT,0,398,-277938.0,12.876923076923077,144024.0,65.0
SOURCE AGENT,0,399,-277271.0,4.904411764705882,144160.0,136.0
SOURCE AGENT,0,400,-276712.0,3.8551724137931034,144305.0,145.0
SOURCE AGENT,0,401,-276414.0,1.4326923076923077,144513.0,208.0
SOURCE AGENT,0,402,-275581.0,12.072463768115941,144582.0,69.0
SOURCE AGENT,0,403,-275506.0,0.5597014925373134,144716.0,134.0
SOURCE AGENT,0,404,-275672.0,-0.9378531073446328,144893.0,177.0
SOURCE AGENT,0,405,-274995.0,5.373015873015873,145019.0,126.0
SOURCE AGENT,0,406,-274332.0,4.735714285714286,145159.0,140.0
SOURCE AGENT,0,407,-275739.0,-1.7075242718446602,145983.0,824.0
SOURCE AGENT,0,408,-275359.0,1.6888888888888889,146208.0,225.0
SOURCE AGENT,0,409,-274518.0,13.78688524590164,146269.0,61.0
SOURCE AGENT,0,410,-274473.0,0.17110266159695817,146532.0,263.0
SOURCE AGENT,0,411,-273911.0,3.9577464788732395,146674.0,142.0
SOURCE AGENT,0,412,-273774.0,0.5074074074074074,146944.0,270.0
SOURCE AGENT,0,413,-272946.0,11.18918918918919,147018.0,74.0
SOURCE AGENT,0,414,-272124.0,10.275,147098.0,80.0
SOURCE AGENT,0,415,-271453.0,5.083333333333333,147230.0,132.0
SOURCE AGENT,0,416,-271069.0,1.737556561085973,147451.0,221.0
SOURCE AGENT,0,417,-270239.0,11.527777777777779,147523.0,72.0
SOURCE AGENT,0,418,-270196.0,0.11813186813186813,147887.0,364.0
SOURCE AGENT,0,419,-269973.0,1.2119565217391304,148071.0,184.0
SOURCE AGENT,0,420,-269151.0,10.275,148151.0,80.0
SOURCE AGENT,0,421,-268323.0,11.18918918918919,148225.0,74.0
SOURCE AGENT,0,422,-267499.0,10.564102564102564,148303.0,78.0
SOURCE AGENT,0,423,-266917.0,4.770491803278689,148425.0,122.0
SOURCE AGENT,0,424,-266189.0,9.706666666666667,148500.0,75.0
SOURCE AGENT,0,425,-265377.0,9.022222222222222,148590.0,90.0
SOURCE AGENT,0,426,-264551.0,10.868421052631579,148666.0,76.0
SOURCE AGENT,0,427,-263713.0,13.09375,148730.0,64.0
SOURCE AGENT,0,428,-263377.0,1.2490706319702602,148999.0,269.0
SOURCE AGENT,0,429,-262939.0,6.4411764705882355,149067.0,68.0
SOURCE AGENT,0,430,-262555.0,1.737556561085973,149288.0,221.0
SOURCE AGENT,0,431,-262479.0,0.3275862068965517,149520.0,232.0
SOURCE AGENT,0,432,-262121.0,1.4493927125506072,149767.0,247.0
SOURCE AGENT,0,433,-261458.0,4.735714285714286,149907.0,140.0
SOURCE AGENT,0,434,-260624.0,12.264705882352942,149975.0,68.0
SOURCE AGENT,0,435,-260099.0,2.9329608938547485,150154.0,179.0
SOURCE AGENT,0,436,-259653.0,2.8050314465408803,150313.0,159.0
SOURCE AGENT,0,437,-259047.0,6.183673469387755,150411.0,98.0
SOURCE AGENT,0,438,-258528.0,2.8054054054054056,150596.0,185.0
SOURCE AGENT,0,439,-257689.0,13.317460317460318,150659.0,63.0
SOURCE AGENT,0,440,-256843.0,15.107142857142858,150715.0,56.0
SOURCE AGENT,0,441,-256951.0,-0.4954128440366973,150933.0,218.0
SOURCE AGENT,0,442,-256120.0,11.704225352112676,151004.0,71.0
SOURCE AGENT,0,443,-255290.0,11.527777777777779,151076.0,72.0
SOURCE AGENT,0,444,-254681.0,6.410526315789474,151171.0,95.0
SOURCE AGENT,0,445,-254013.0,4.948148148148148,151306.0,135.0
SOURCE AGENT,0,446,-253844.0,1.2158273381294964,151445.0,139.0
SOURCE AGENT,0,447,-253930.0,-0.2182741116751269,151839.0,394.0
SOURCE AGENT,0,448,-253801.0,0.46402877697841727,152117.0,278.0
SOURCE AGENT,0,449,-253875.0,-0.40217391304347827,152301.0,184.0
SOURCE AGENT,0,450,-253285.0,5.175438596491228,152415.0,114.0
SOURCE AGENT,0,451,-252462.0,10.417721518987342,152494.0,79.0
SOURCE AGENT,0,452,-251634.0,11.18918918918919,152568.0,74.0
SOURCE AGENT,0,453,-250947.0,5.922413793103448,152684.0,116.0
SOURCE AGENT,0,454,-250388.0,3.8551724137931034,152829.0,145.0
SOURCE AGENT,0,455,-250030.0,1.4493927125506072,153076.0,247.0
SOURCE AGENT,0,456,-249198.0,11.885714285714286,153146.0,70.0
SOURCE AGENT,0,457,-248358.0,13.548387096774194,153208.0,62.0
SOURCE AGENT,0,458,-247715.0,4.01875,153368.0,160.0
SOURCE AGENT,0,459,-247138.0,4.543307086614173,153495.0,127.0
SOURCE AGENT,0,460,-246486.0,4.317880794701987,153646.0,151.0
SOURCE AGENT,0,461,-245646.0,13.548387096774194,153708.0,62.0
SOURCE AGENT,0,462,-244817.0,11.356164383561644,153781.0,73.0
SOURCE AGENT,0,463,-244939.0,-0.3685800604229607,154112.0,331.0
SOURCE AGENT,0,464,-244234.0,7.1938775510204085,154210.0,98.0
SOURCE AGENT,0,465,-243627.0,6.257731958762887,154307.0,97.0
SOURCE AGENT,0,466,-244531.0,-1.741811175337187,154826.0,519.0
SOURCE AGENT,0,467,-245102.0,-2.0035087719298246,155111.0,285.0
SOURCE AGENT,0,468,-244665.0,6.333333333333333,155180.0,69.0
SOURCE AGENT,0,469,-243699.0,27.6,155215.0,35.0
SOURCE AGENT,0,470,-244777.0,-10.88888888888889,155314.0,99.0
SOURCE AGENT,0,471,-243936.0,13.78688524590164,155375.0,61.0
SOURCE AGENT,0,472,-242970.0,27.6,155410.0,35.0
SOURCE AGENT,0,473,-242657.0,3.3297872340425534,155504.0,94.0
SOURCE AGENT,0,474,-241695.0,24.666666666666668,155543.0,39.0
SOURCE AGENT,0,475,-240867.0,11.18918918918919,155617.0,74.0
SOURCE AGENT,0,476,-240229.0,3.8666666666666667,155782.0,165.0
SOURCE AGENT,0,477,-239394.0,12.462686567164178,155849.0,67.0
SOURCE AGENT,0,478,-238684.0,7.634408602150538,155942.0,93.0
SOURCE AGENT,0,479,-238252.0,2.4971098265895955,156115.0,173.0
SOURCE AGENT,0,480,-237442.0,8.804347826086957,156207.0,92.0
SOURCE AGENT,0,481,-236863.0,4.632,156332.0,125.0
SOURCE AGENT,0,482,-236430.0,2.5174418604651163,156504.0,172.0
SOURCE AGENT,0,483,-235590.0,13.548387096774194,156566.0,62.0
SOURCE AGENT,0,484,-234883.0,7.364583333333333,156662.0,96.0
SOURCE AGENT,0,485,-234046.0,12.876923076923077,156727.0,65.0
SOURCE AGENT,0,486,-233207.0,13.317460317460318,156790.0,63.0
SOURCE AGENT,0,487,-232368.0,13.317460317460318,156853.0,63.0
SOURCE AGENT,0,488,-231532.0,12.666666666666666,156919.0,66.0
SOURCE AGENT,0,489,-230693.0,13.317460317460318,156982.0,63.0
SOURCE AGENT,0,490,-229727.0,27.6,157017.0,35.0
SOURCE AGENT,0,491,-229059.0,4.948148148148148,157152.0,135.0
SOURCE AGENT,0,492,-228224.0,12.462686567164178,157219.0,67.0
SOURCE AGENT,0,493,-227545.0,5.475806451612903,157343.0,124.0
SOURCE AGENT,0,494,-227408.0,0.5074074074074074,157613.0,270.0
SOURCE AGENT,0,495,-228562.0,-2.021015761821366,158184.0,571.0
SOURCE AGENT,0,496,-228318.0,0.9312977099236641,158446.0,262.0
SOURCE AGENT,0,497,-228308.0,0.05025125628140704,158645.0,199.0
SOURCE AGENT,0,498,-228588.0,-1.4583333333333333,158837.0,192.0
SOURCE AGENT,0,499,-227941.0,4.147435897435898,158993.0,156.0
SOURCE AGENT,0,500,-227681.0,1.056910569105691,159239.0,246.0
SOURCE AGENT,0,501,-227651.0,0.1079136690647482,159517.0,278.0
SOURCE AGENT,0,502,-228151.0,-1.2135922330097086,159929.0,412.0
SOURCE AGENT,0,503,-227771.0,3.015873015873016,160055.0,126.0
SOURCE AGENT,0,504,-226964.0,8.494736842105263,160150.0,95.0
SOURCE AGENT,0,505,-227247.0,-1.4512820512820512,160345.0,195.0
SOURCE AGENT,0,506,-226789.0,1.8617886178861789,160591.0,246.0
SOURCE AGENT,0,507,-226287.0,2.485148514851485,160793.0,202.0
SOURCE AGENT,0,508,-226136.0,0.4253521126760563,161148.0,355.0
SOURCE AGENT,0,509,-225339.0,7.59047619047619,161253.0,105.0
SOURCE AGENT,0,510,-225659.0,-0.9667673716012085,161584.0,331.0
SOURCE AGENT,0,511,-225135.0,6.469135802469136,161665.0,81.0
SOURCE AGENT,0,512,-224443.0,6.2342342342342345,161776.0,111.0
SOURCE AGENT,0,513,-223873.0,4.253731343283582,161910.0,134.0
SOURCE AGENT,0,514,-224206.0,-0.7516930022573364,162353.0,443.0
SOURCE AGENT,0,515,-223515.0,6.169642857142857,162465.0,112.0
SOURCE AGENT,0,516,-222712.0,8.11111111111111,162564.0,99.0
SOURCE AGENT,0,517,-222019.0,6.3,162674.0,110.0
SOURCE AGENT,0,518,-221867.0,0.9743589743589743,162830.0,156.0
SOURCE AGENT,0,519,-221145.0,8.91358024691358,162911.0,81.0
SOURCE AGENT,0,520,-220431.0,8.02247191011236,163000.0,89.0
SOURCE AGENT,0,521,-219610.0,10.135802469135802,163081.0,81.0
SOURCE AGENT,0,522,-218938.0,5.129770992366412,163212.0,131.0
SOURCE AGENT,0,523,-219363.0,-1.7857142857142858,163450.0,238.0
SOURCE AGENT,0,524,-218651.0,7.824175824175824,163541.0,91.0
SOURCE AGENT,0,525,-217838.0,9.134831460674157,163630.0,89.0
SOURCE AGENT,0,526,-217404.0,2.538011695906433,163801.0,171.0
SOURCE AGENT,0,527,-216565.0,13.317460317460318,163864.0,63.0
SOURCE AGENT,0,528,-216515.0,0.1400560224089636,164221.0,357.0
SOURCE AGENT,0,529,-216262.0,1.0,164474.0,253.0
SOURCE AGENT,0,530,-215968.0,1.3867924528301887,164686.0,212.0
SOURCE AGENT,0,531,-215161.0,8.494736842105263,164781.0,95.0
SOURCE AGENT,0,532,-214836.0,3.9634146341463414,164863.0,82.0
SOURCE AGENT,0,533,-214002.0,12.264705882352942,164931.0,68.0
SOURCE AGENT,0,534,-213616.0,1.7625570776255708,165150.0,219.0
SOURCE AGENT,0,535,-213399.0,1.1421052631578947,165340.0,190.0
SOURCE AGENT,0,536,-213262.0,0.8011695906432749,165511.0,171.0
SOURCE AGENT,0,537,-212301.0,24.025,165551.0,40.0
SOURCE AGENT,0,538,-211336.0,26.805555555555557,165587.0,36.0
SOURCE AGENT,0,539,-210372.0,26.054054054054053,165624.0,37.0
SOURCE AGENT,0,540,-210061.0,3.2395833333333335,165720.0,96.0
SOURCE AGENT,0,541,-209098.0,25.342105263157894,165758.0,38.0
SOURCE AGENT,0,542,-208137.0,24.025,165798.0,40.0
SOURCE AGENT,0,543,-207301.0,12.666666666666666,165864.0,66.0
SOURCE AGENT,0,544,-206463.0,13.09375,165928.0,64.0
SOURCE AGENT,0,545,-205723.0,11.746031746031745,165991.0,63.0
SOURCE AGENT,0,546,-204759.0,26.054054054054053,166028.0,37.0
SOURCE AGENT,0,547,-203920.0,13.317460317460318,166091.0,63.0
SOURCE AGENT,0,548,-203352.0,4.176470588235294,166227.0,136.0
SOURCE AGENT,0,549,-202818.0,3.1411764705882352,166397.0,170.0
SOURCE AGENT,0,550,-202025.0,7.275229357798165,166506.0,109.0
SOURCE AGENT,0,551,-201551.0,2.0608695652173914,166736.0,230.0
SOURCE AGENT,0,552,-201032.0,2.8054054054054056,166921.0,185.0
SOURCE AGENT,0,553,-200066.0,27.6,166956.0,35.0
SOURCE AGENT,0,554,-199102.0,26.054054054054053,166993.0,37.0
SOURCE AGENT,0,555,-198397.0,7.1938775510204085,167091.0,98.0
SOURCE AGENT,0,556,-197880.0,2.764705882352941,167278.0,187.0
SOURCE AGENT,0,557,-197486.0,1.270967741935484,167588.0,310.0
SOURCE AGENT,0,558,-196770.0,8.229885057471265,167675.0,87.0
SOURCE AGENT,0,559,-197336.0,-0.9809358752166378,168252.0,577.0
SOURCE AGENT,0,560,-197454.0,-0.9147286821705426,168381.0,129.0
SOURCE AGENT,0,561,-197493.0,-0.15725806451612903,168629.0,248.0
SOURCE AGENT,0,562,-196533.0,23.414634146341463,168670.0,41.0
SOURCE AGENT,0,563,-195573.0,23.414634146341463,168711.0,41.0
SOURCE AGENT,0,564,-194881.0,6.2342342342342345,168822.0,111.0
SOURCE AGENT,0,565,-193918.0,25.342105263157894,168860.0,38.0
SOURCE AGENT,0,566,-193078.0,13.548387096774194,168922.0,62.0
SOURCE AGENT,0,567,-192115.0,25.342105263157894,168960.0,38.0
SOURCE AGENT,0,568,-191372.0,12.383333333333333,169020.0,60.0
SOURCE AGENT,0,569,-190804.0,4.176470588235294,169156.0,136.0
SOURCE AGENT,0,570,-189841.0,25.342105263157894,169194.0,38.0
SOURCE AGENT,0,571,-188878.0,25.342105263157894,169232.0,38.0
SOURCE AGENT,0,572,-187909.0,30.28125,169264.0,32.0
SOURCE AGENT,0,573,-187068.0,13.78688524590164,169325.0,61.0
SOURCE AGENT,0,574,-186231.0,12.876923076923077,169390.0,65.0
SOURCE AGENT,0,575,-185268.0,25.342105263157894,169428.0,38.0
SOURCE AGENT,0,576,-184303.0,26.805555555555557,169464.0,36.0
SOURCE AGENT,0,577,-183339.0,26.054054054054053,169501.0,37.0
SOURCE AGENT,0,578,-182376.0,25.342105263157894,169539.0,38.0
SOURCE AGENT,0,579,-181414.0,24.666666666666668,169578.0,39.0
SOURCE AGENT,0,580,-180448.0,27.6,169613.0,35.0
SOURCE AGENT,0,581,-179485.0,25.342105263157894,169651.0,38.0
SOURCE AGENT,0,582,-178524.0,24.025,169691.0,40.0
SOURCE AGENT,0,583,-177562.0,24.666666666666668,169730.0,39.0
SOURCE AGENT,0,584,-176600.0,24.666666666666668,169769.0,39.0
SOURCE AGENT,0,585,-175768.0,11.885714285714286,169839.0,70.0
SOURCE AGENT,0,586,-174804.0,26.054054054054053,169876.0,37.0
SOURCE AGENT,0,587,-173966.0,13.09375,169940.0,64.0
SOURCE AGENT,0,588,-173003.0,25.342105263157894,169978.0,38.0
SOURCE AGENT,0,589,-172040.0,25.342105263157894,170016.0,38.0
SOURCE AGENT,0,590,-171080.0,23.414634146341463,170057.0,41.0
SOURCE AGENT,0,591,-170118.0,24.666666666666668,170096.0,39.0
SOURCE AGENT,0,592,-169152.0,27.6,170131.0,35.0
SOURCE AGENT,0,593,-168188.0,26.054054054054053,170168.0,37.0
SOURCE AGENT,0,594,-167223.0,26.805555555555557,170204.0,36.0
SOURCE AGENT,0,595,-166259.0,26.054054054054053,170241.0,37.0
SOURCE AGENT,0,596,-165297.0,24.666666666666668,170280.0,39.0
SOURCE AGENT,0,597,-164335.0,24.666666666666668,170319.0,39.0
SOURCE AGENT,0,598,-163371.0,26.054054054054053,170356.0,37.0
SOURCE AGENT,0,599,-162401.0,31.29032258064516,170387.0,31.0
SOURCE AGENT,0,600,-161843.0,3.8219178082191783,170533.0,146.0
SOURCE AGENT,0,601,-160880.0,25.342105263157894,170571.0,38.0
SOURCE AGENT,0,602,-159916.0,26.054054054054053,170608.0,37.0
SOURCE AGENT,0,603,-158951.0,26.805555555555557,170644.0,36.0
SOURCE AGENT,0,604,-158110.0,13.78688524590164,170705.0,61.0
SOURCE AGENT,0,605,-157436.0,5.224806201550388,170834.0,129.0
SOURCE AGENT,0,606,-156474.0,24.666666666666668,170873.0,39.0
SOURCE AGENT,0,607,-155638.0,12.666666666666666,170939.0,66.0
SOURCE AGENT,0,608,-154798.0,13.548387096774194,171001.0,62.0
SOURCE AGENT,0,609,-153959.0,13.317460317460318,171064.0,63.0
SOURCE AGENT,0,610,-152998.0,24.025,171104.0,40.0
SOURCE AGENT,0,611,-152032.0,27.6,171139.0,35.0
SOURCE AGENT,0,612,-151195.0,12.876923076923077,171204.0,65.0
SOURCE AGENT,0,613,-150232.0,25.342105263157894,171242.0,38.0
SOURCE AGENT,0,614,-149269.0,25.342105263157894,171280.0,38.0
SOURCE AGENT,0,615,-148431.0,13.09375,171344.0,64.0
SOURCE AGENT,0,616,-147469.0,24.666666666666668,171383.0,39.0
SOURCE AGENT,0,617,-146504.0,26.805555555555557,171419.0,36.0
SOURCE AGENT,0,618,-145541.0,25.342105263157894,171457.0,38.0
SOURCE AGENT,0,619,-144707.0,12.264705882352942,171525.0,68.0
SOURCE AGENT,0,620,-143746.0,24.025,171565.0,40.0
SOURCE AGENT,0,621,-142780.0,27.6,171600.0,35.0
SOURCE AGENT,0,622,-141819.0,24.025,171640.0,40.0
SOURCE AGENT,0,623,-140853.0,27.6,171675.0,35.0
SOURCE AGENT,0,624,-139886.0,28.441176470588236,171709.0,34.0
SOURCE AGENT,0,625,-138924.0,24.666666666666668,171748.0,39.0
SOURCE AGENT,0,626,-138083.0,13.78688524590164,171809.0,61.0
SOURCE AGENT,0,627,-137116.0,28.441176470588236,171843.0,34.0
SOURCE AGENT,0,628,-136149.0,28.441176470588236,171877.0,34.0
SOURCE AGENT,0,629,-135312.0,12.876923076923077,171942.0,65.0
SOURCE AGENT,0,630,-134350.0,24.666666666666668,171981.0,39.0
SOURCE AGENT,0,631,-133387.0,25.342105263157894,172019.0,38.0
SOURCE AGENT,0,632,-132751.0,9.352941176470589,172087.0,68.0
SOURCE AGENT,0,633,-131789.0,24.666666666666668,172126.0,39.0
SOURCE AGENT,0,634,-130950.0,13.317460317460318,172189.0,63.0
SOURCE AGENT,0,635,-129988.0,24.666666666666668,172228.0,39.0
SOURCE AGENT,0,636,-129026.0,24.666666666666668,172267.0,39.0
SOURCE AGENT,0,637,-128191.0,12.462686567164178,172334.0,67.0
SOURCE AGENT,0,638,-127621.0,4.253731343283582,172468.0,134.0
SOURCE AGENT,0,639,-126781.0,13.548387096774194,172530.0,62.0
SOURCE AGENT,0,640,-125942.0,13.317460317460318,172593.0,63.0
SOURCE AGENT,0,641,-124975.0,28.441176470588236,172627.0,34.0
SOURCE AGENT,0,642,-124624.0,1.3818897637795275,172881.0,254.0
SOURCE AGENT,0,643,-123659.0,26.805555555555557,172917.0,36.0
SOURCE AGENT,0,644,-122695.0,26.054054054054053,172954.0,37.0
SOURCE AGENT,0,645,-121732.0,25.342105263157894,172992.0,38.0
SOURCE AGENT,0,646,-120767.0,26.805555555555557,173028.0,36.0
SOURCE AGENT,0,647,-119803.0,26.054054054054053,173065.0,37.0
SOURCE AGENT,0,648,-118967.0,12.666666666666666,173131.0,66.0
SOURCE AGENT,0,649,-118128.0,13.317460317460318,173194.0,63.0
SOURCE AGENT,0,650,-117166.0,24.666666666666668,173233.0,39.0
SOURCE AGENT,0,651,-116200.0,27.6,173268.0,35.0
SOURCE AGENT,0,652,-115363.0,12.876923076923077,173333.0,65.0
SOURCE AGENT,0,653,-114624.0,11.546875,173397.0,64.0
SOURCE AGENT,0,654,-113661.0,25.342105263157894,173435.0,38.0
SOURCE AGENT,0,655,-112820.0,13.78688524590164,173496.0,61.0
SOURCE AGENT,0,656,-111858.0,24.666666666666668,173535.0,39.0
SOURCE AGENT,0,657,-110896.0,24.666666666666668,173574.0,39.0
SOURCE AGENT,0,658,-110061.0,12.462686567164178,173641.0,67.0
SOURCE AGENT,0,659,-109100.0,24.025,173681.0,40.0
SOURCE AGENT,0,660,-108134.0,27.6,173716.0,35.0
SOURCE AGENT,0,661,-107171.0,25.342105263157894,173754.0,38.0
SOURCE AGENT,0,662,-106333.0,13.09375,173818.0,64.0
SOURCE AGENT,0,663,-105495.0,13.09375,173882.0,64.0
SOURCE AGENT,0,664,-105183.0,3.2842105263157895,173977.0,95.0
SOURCE AGENT,0,665,-104221.0,24.666666666666668,174016.0,39.0
SOURCE AGENT,0,666,-103257.0,26.054054054054053,174053.0,37.0
SOURCE AGENT,0,667,-102418.0,13.317460317460318,174116.0,63.0
SOURCE AGENT,0,668,-103079.0,-3.7344632768361583,174293.0,177.0
SOURCE AGENT,0,669,-102942.0,1.9027777777777777,174365.0,72.0
SOURCE AGENT,0,670,-102632.0,3.195876288659794,174462.0,97.0
SOURCE AGENT,0,671,-101667.0,26.805555555555557,174498.0,36.0
SOURCE AGENT,0,672,-100705.0,24.666666666666668,174537.0,39.0
SOURCE AGENT,0,673,-100385.0,1.1228070175438596,174822.0,285.0
SOURCE AGENT,0,674,-99420.0,26.805555555555557,174858.0,36.0
SOURCE AGENT,0,675,-98459.0,24.025,174898.0,40.0
SOURCE AGENT,0,676,-97496.0,25.342105263157894,174936.0,38.0
SOURCE AGENT,0,677,-96534.0,24.666666666666668,174975.0,39.0
SOURCE AGENT,0,678,-95569.0,26.805555555555557,175011.0,36.0
SOURCE AGENT,0,679,-94608.0,24.025,175051.0,40.0
SOURCE AGENT,0,680,-93644.0,26.054054054054053,175088.0,37.0
SOURCE AGENT,0,681,-92678.0,27.6,175123.0,35.0
SOURCE AGENT,0,682,-91715.0,25.342105263157894,175161.0,38.0
SOURCE AGENT,0,683,-92755.0,-6.5,175321.0,160.0
SOURCE AGENT,0,684,-91788.0,28.441176470588236,175355.0,34.0
SOURCE AGENT,0,685,-90949.0,13.317460317460318,175418.0,63.0
SOURCE AGENT,0,686,-89989.0,23.414634146341463,175459.0,41.0
SOURCE AGENT,0,687,-89026.0,25.342105263157894,175497.0,38.0
SOURCE AGENT,0,688,-88060.0,27.6,175532.0,35.0
SOURCE AGENT,0,689,-87098.0,24.666666666666668,175571.0,39.0
SOURCE AGENT,0,690,-86259.0,13.317460317460318,175634.0,63.0
SOURCE AGENT,0,691,-85295.0,26.054054054054053,175671.0,37.0
SOURCE AGENT,0,692,-84334.0,24.025,175711.0,40.0
SOURCE AGENT,0,693,-83370.0,26.054054054054053,175748.0,37.0
SOURCE AGENT,0,694,-82409.0,24.025,175788.0,40.0
SOURCE AGENT,0,695,-81448.0,24.025,175828.0,40.0
SOURCE AGENT,0,696,-81453.0,-0.01597444089456869,176141.0,313.0
SOURCE AGENT,0,697,-80489.0,26.054054054054053,176178.0,37.0
SOURCE AGENT,0,698,-79650.0,13.317460317460318,176241.0,63.0
SOURCE AGENT,0,699,-79723.0,-0.8690476190476191,176325.0,84.0
SOURCE AGENT,0,700,-78761.0,24.666666666666668,176364.0,39.0
SOURCE AGENT,0,701,-77797.0,26.054054054054053,176401.0,37.0
SOURCE AGENT,0,702,-76831.0,27.6,176436.0,35.0
SOURCE AGENT,0,703,-75869.0,24.666666666666668,176475.0,39.0
SOURCE AGENT,0,704,-80960.0,-33.49342105263158,176627.0,152.0
SOURCE AGENT,0,705,-80122.0,13.09375,176691.0,64.0
SOURCE AGENT,0,706,-79159.0,25.342105263157894,176729.0,38.0
SOURCE AGENT,0,707,-78194.0,26.805555555555557,176765.0,36.0
SOURCE AGENT,0,708,-77231.0,25.342105263157894,176803.0,38.0
SOURCE AGENT,0,709,-76534.0,6.5754716981132075,176909.0,106.0
SOURCE AGENT,0,710,-75897.0,9.507462686567164,176976.0,67.0
SOURCE AGENT,0,711,-74932.0,26.805555555555557,177012.0,36.0
SOURCE AGENT,0,712,-74103.0,11.356164383561644,177085.0,73.0
SOURCE AGENT,0,713,-73139.0,26.054054054054053,177122.0,37.0
SOURCE AGENT,0,714,-72301.0,13.09375,177186.0,64.0
SOURCE AGENT,0,715,-71858.0,7.031746031746032,177249.0,63.0
SOURCE AGENT,0,716,-70894.0,26.054054054054053,177286.0,37.0
SOURCE AGENT,0,717,-69926.0,29.333333333333332,177319.0,33.0
SOURCE AGENT,0,718,-68962.0,26.054054054054053,177356.0,37.0
SOURCE AGENT,0,719,-68002.0,23.414634146341463,177397.0,41.0
SOURCE AGENT,0,720,-67155.0,15.4,177452.0,55.0
SOURCE AGENT,0,721,-66194.0,24.025,177492.0,40.0
SOURCE AGENT,0,722,-65231.0,25.342105263157894,177530.0,38.0
SOURCE AGENT,0,723,-64519.0,7.824175824175824,177621.0,91.0
SOURCE AGENT,0,724,-63681.0,13.09375,177685.0,64.0
SOURCE AGENT,0,725,-62713.0,29.333333333333332,177718.0,33.0
SOURCE AGENT,0,726,-61753.0,23.414634146341463,177759.0,41.0
SOURCE AGENT,0,727,-61448.0,2.9901960784313726,177861.0,102.0
SOURCE AGENT,0,728,-60484.0,26.054054054054053,177898.0,37.0
SOURCE AGENT,0,729,-59647.0,12.876923076923077,177963.0,65.0
SOURCE AGENT,0,730,-58681.0,27.6,177998.0,35.0
SOURCE AGENT,0,731,-57972.0,7.542553191489362,178092.0,94.0
SOURCE AGENT,0,732,-57004.0,29.333333333333332,178125.0,33.0
SOURCE AGENT,0,733,-56166.0,13.09375,178189.0,64.0
SOURCE AGENT,0,734,-55204.0,24.666666666666668,178228.0,39.0
SOURCE AGENT,0,735,-54243.0,24.025,178268.0,40.0
SOURCE AGENT,0,736,-53281.0,24.666666666666668,178307.0,39.0
SOURCE AGENT,0,737,-52441.0,13.548387096774194,178369.0,62.0
SOURCE AGENT,0,738,-51476.0,26.805555555555557,178405.0,36.0
SOURCE AGENT,0,739,-50638.0,13.09375,178469.0,64.0
SOURCE AGENT,0,740,-49673.0,26.805555555555557,178505.0,36.0
SOURCE AGENT,0,741,-48709.0,26.054054054054053,178542.0,37.0
SOURCE AGENT,0,742,-47872.0,12.876923076923077,178607.0,65.0
SOURCE AGENT,0,743,-47430.0,6.90625,178671.0,64.0
SOURCE AGENT,0,744,-46469.0,24.025,178711.0,40.0
SOURCE AGENT,0,745,-46388.0,0.6328125,178839.0,128.0
SOURCE AGENT,0,746,-45549.0,13.317460317460318,178902.0,63.0
SOURCE AGENT,0,747,-44587.0,24.666666666666668,178941.0,39.0
SOURCE AGENT,0,748,-43624.0,25.342105263157894,178979.0,38.0
SOURCE AGENT,0,749,-43183.0,6.7846153846153845,179044.0,65.0
SOURCE AGENT,0,750,-42221.0,24.666666666666668,179083.0,39.0
SOURCE AGENT,0,751,-41381.0,13.548387096774194,179145.0,62.0
SOURCE AGENT,0,752,-40418.0,25.342105263157894,179183.0,38.0
SOURCE AGENT,0,753,-39453.0,26.805555555555557,179219.0,36.0
SOURCE AGENT,0,754,-38742.0,7.728260869565218,179311.0,92.0
SOURCE AGENT,0,755,-37781.0,24.025,179351.0,40.0
SOURCE AGENT,0,756,-36819.0,24.666666666666668,179390.0,39.0
SOURCE AGENT,0,757,-35851.0,29.333333333333332,179423.0,33.0
SOURCE AGENT,0,758,-34886.0,26.805555555555557,179459.0,36.0
SOURCE AGENT,0,759,-33920.0,27.6,179494.0,35.0
SOURCE AGENT,0,760,-33080.0,13.548387096774194,179556.0,62.0
SOURCE AGENT,0,761,-32113.0,28.441176470588236,179590.0,34.0
SOURCE AGENT,0,762,-31275.0,13.09375,179654.0,64.0
SOURCE AGENT,0,763,-30437.0,13.09375,179718.0,64.0
SOURCE AGENT,0,764,-29470.0,28.441176470588236,179752.0,34.0
SOURCE AGENT,0,765,-28507.0,25.342105263157894,179790.0,38.0
SOURCE AGENT,0,766,-27541.0,27.6,179825.0,35.0
SOURCE AGENT,0,767,-26573.0,29.333333333333332,179858.0,33.0
SOURCE AGENT,0,768,-25609.0,26.054054054054053,179895.0,37.0
SOURCE AGENT,0,769,-24645.0,26.054054054054053,179932.0,37.0
SOURCE AGENT,0,770,-23681.0,26.054054054054053,179969.0,37.0
SOURCE AGENT,0,771,-22717.0,26.054054054054053,180006.0,37.0
SOURCE AGENT,0,772,-21751.0,27.6,180041.0,35.0
SOURCE AGENT,0,773,-20786.0,26.805555555555557,180077.0,36.0
SOURCE AGENT,0,774,-19824.0,24.666666666666668,180116.0,39.0
SOURCE AGENT,0,775,-18863.0,24.025,180156.0,40.0
SOURCE AGENT,0,776,-18025.0,13.09375,180220.0,64.0
SOURCE AGENT,0,777,-17183.0,14.033333333333333,180280.0,60.0
SOURCE AGENT,0,778,-16221.0,24.666666666666668,180319.0,39.0
SOURCE AGENT,0,779,-15778.0,7.031746031746032,180382.0,63.0
SOURCE AGENT,0,780,-14812.0,27.6,180417.0,35.0
SOURCE AGENT,0,781,-13974.0,13.09375,180481.0,64.0
SOURCE AGENT,0,782,-13006.0,29.333333333333332,180514.0,33.0
SOURCE AGENT,0,783,-12166.0,13.548387096774194,180576.0,62.0
SOURCE AGENT,0,784,-11204.0,24.666666666666668,180615.0,39.0
SOURCE AGENT,0,785,-10242.0,24.666666666666668,180654.0,39.0
SOURCE AGENT,0,786,-9278.0,26.054054054054053,180691.0,37.0
SOURCE AGENT,0,787,-8313.0,26.805555555555557,180727.0,36.0
SOURCE AGENT,0,788,-7573.0,11.746031746031745,180790.0,63.0
SOURCE AGENT,0,789,-6610.0,25.342105263157894,180828.0,38.0
SOURCE AGENT,0,790,-5647.0,25.342105263157894,180866.0,38.0
SOURCE AGENT,0,791,-4680.0,28.441176470588236,180900.0,34.0
SOURCE AGENT,0,792,-3716.0,26.054054054054053,180937.0,37.0
SOURCE AGENT,0,793,-2879.0,12.876923076923077,181002.0,65.0
SOURCE AGENT,0,794,-2039.0,13.548387096774194,181064.0,62.0
SOURCE AGENT,0,795,-1075.0,26.054054054054053,181101.0,37.0
SOURCE AGENT,0,796,-114.0,24.025,181141.0,40.0
SOURCE AGENT,0,797,846.0,23.414634146341463,181182.0,41.0
SOURCE AGENT,0,798,1808.0,24.666666666666668,181221.0,39.0
SOURCE AGENT,0,799,2643.0,12.462686567164178,181288.0,67.0
SOURCE AGENT,0,800,3606.0,25.342105263157894,181326.0,38.0
SOURCE AGENT,0,801,4571.0,26.805555555555557,181362.0,36.0
SOURCE AGENT,0,802,5534.0,25.342105263157894,181400.0,38.0
SOURCE AGENT,0,803,5877.0,5.359375,181464.0,64.0
SOURCE AGENT,0,804,6843.0,27.6,181499.0,35.0
SOURCE AGENT,0,805,7805.0,24.666666666666668,181538.0,39.0
SOURCE AGENT,0,806,8771.0,27.6,181573.0,35.0
SOURCE AGENT,0,807,9738.0,28.441176470588236,181607.0,34.0
SOURCE AGENT,0,808,10700.0,24.666666666666668,181646.0,39.0
SOURCE AGENT,0,809,11665.0,26.805555555555557,181682.0,36.0
SOURCE AGENT,0,810,12631.0,27.6,181717.0,35.0
SOURCE AGENT,0,811,13594.0,25.342105263157894,181755.0,38.0
SOURCE AGENT,0,812,14556.0,24.666666666666668,181794.0,39.0
SOURCE AGENT,0,813,15522.0,27.6,181829.0,35.0
SOURCE AGENT,0,814,16484.0,24.666666666666668,181868.0,39.0
SOURCE AGENT,0,815,17320.0,12.666666666666666,181934.0,66.0
SOURCE AGENT,0,816,18281.0,24.025,181974.0,40.0
SOURCE AGENT,0,817,18721.0,6.666666666666667,182040.0,66.0
SOURCE AGENT,0,818,19424.0,7.03,182140.0,100.0
SOURCE AGENT,0,819,20387.0,25.342105263157894,182178.0,38.0
SOURCE AGENT,0,820,21351.0,26.054054054054053,182215.0,37.0
SOURCE AGENT,0,821,22192.0,13.78688524590164,182276.0,61.0
SOURCE AGENT,0,822,23156.0,26.054054054054053,182313.0,37.0
SOURCE AGENT,0,823,24119.0,25.342105263157894,182351.0,38.0
SOURCE AGENT,0,824,24957.0,13.09375,182415.0,64.0
SOURCE AGENT,0,825,25667.0,7.634408602150538,182508.0,93.0
SOURCE AGENT,0,826,26109.0,6.90625,182572.0,64.0
SOURCE AGENT,0,827,27072.0,25.342105263157894,182610.0,38.0
SOURCE AGENT,0,828,28037.0,26.805555555555557,182646.0,36.0
SOURCE AGENT,0,829,28999.0,24.666666666666668,182685.0,39.0
SOURCE AGENT,0,830,29961.0,24.666666666666668,182724.0,39.0
SOURCE AGENT,0,831,30674.0,7.9222222222222225,182814.0,90.0
SOURCE AGENT,0,832,30989.0,3.4239130434782608,182906.0,92.0
SOURCE AGENT,0,833,31828.0,13.317460317460318,182969.0,63.0
SOURCE AGENT,0,834,32793.0,26.805555555555557,183005.0,36.0
SOURCE AGENT,0,835,33634.0,13.78688524590164,183066.0,61.0
SOURCE AGENT,0,836,34596.0,24.666666666666668,183105.0,39.0
SOURCE AGENT,0,837,35435.0,13.317460317460318,183168.0,63.0
SOURCE AGENT,0,838,36400.0,26.805555555555557,183204.0,36.0
SOURCE AGENT,0,839,37362.0,24.666666666666668,183243.0,39.0
SOURCE AGENT,0,840,38324.0,24.666666666666668,183282.0,39.0
SOURCE AGENT,0,841,39163.0,13.317460317460318,183345.0,63.0
SOURCE AGENT,0,842,40125.0,24.666666666666668,183384.0,39.0
SOURCE AGENT,0,843,41091.0,27.6,183419.0,35.0
SOURCE AGENT,0,844,42056.0,26.805555555555557,183455.0,36.0
SOURCE AGENT,0,845,43017.0,24.025,183495.0,40.0
SOURCE AGENT,0,846,43983.0,27.6,183530.0,35.0
SOURCE AGENT,0,847,44713.0,10.0,183603.0,73.0
SOURCE AGENT,0,848,45679.0,27.6,183638.0,35.0
SOURCE AGENT,0,849,46643.0,26.054054054054053,183675.0,37.0
SOURCE AGENT,0,850,47610.0,28.441176470588236,183709.0,34.0
SOURCE AGENT,0,851,48575.0,26.805555555555557,183745.0,36.0
SOURCE AGENT,0,852,49537.0,24.666666666666668,183784.0,39.0
SOURCE AGENT,0,853,50375.0,13.09375,183848.0,64.0
SOURCE AGENT,0,854,51337.0,24.666666666666668,183887.0,39.0
SOURCE AGENT,0,855,52300.0,25.342105263157894,183925.0,38.0
SOURCE AGENT,0,856,53262.0,24.666666666666668,183964.0,39.0
SOURCE AGENT,0,857,54229.0,28.441176470588236,183998.0,34.0
SOURCE AGENT,0,858,54869.0,10.0,184062.0,64.0
SOURCE AGENT,0,859,55834.0,26.805555555555557,184098.0,36.0
SOURCE AGENT,0,860,56798.0,26.054054054054053,184135.0,37.0
SOURCE AGENT,0,861,57504.0,7.278350515463917,184232.0,97.0
SOURCE AGENT,0,862,58212.0,7.4526315789473685,184327.0,95.0
SOURCE AGENT,0,863,59052.0,13.548387096774194,184389.0,62.0
SOURCE AGENT,0,864,59495.0,7.031746031746032,184452.0,63.0
SOURCE AGENT,0,865,59838.0,5.359375,184516.0,64.0
SOURCE AGENT,0,866,60801.0,25.342105263157894,184554.0,38.0
SOURCE AGENT,0,867,61767.0,27.6,184589.0,35.0
SOURCE AGENT,0,868,62083.0,3.4725274725274726,184680.0,91.0
SOURCE AGENT,0,869,63048.0,26.805555555555557,184716.0,36.0
SOURCE AGENT,0,870,64016.0,29.333333333333332,184749.0,33.0
SOURCE AGENT,0,871,64982.0,27.6,184784.0,35.0
SOURCE AGENT,0,872,65817.0,12.462686567164178,184851.0,67.0
SOURCE AGENT,0,873,66779.0,24.666666666666668,184890.0,39.0
SOURCE AGENT,0,874,67740.0,24.025,184930.0,40.0
SOURCE AGENT,0,875,68702.0,24.666666666666668,184969.0,39.0
SOURCE AGENT,0,876,69667.0,26.805555555555557,185005.0,36.0
SOURCE AGENT,0,877,70635.0,29.333333333333332,185038.0,33.0
SOURCE AGENT,0,878,71603.0,29.333333333333332,185071.0,33.0
SOURCE AGENT,0,879,72563.0,23.414634146341463,185112.0,41.0
SOURCE AGENT,0,880,73528.0,26.805555555555557,185148.0,36.0
SOURCE AGENT,0,881,74495.0,28.441176470588236,185182.0,34.0
SOURCE AGENT,0,882,75460.0,26.805555555555557,185218.0,36.0
SOURCE AGENT,0,883,76297.0,12.876923076923077,185283.0,65.0
SOURCE AGENT,0,884,77262.0,26.805555555555557,185319.0,36.0
SOURCE AGENT,0,885,78228.0,27.6,185354.0,35.0
SOURCE AGENT,0,886,79195.0,28.441176470588236,185388.0,34.0
SOURCE AGENT,0,887,80160.0,26.805555555555557,185424.0,36.0
SOURCE AGENT,0,888,81125.0,26.805555555555557,185460.0,36.0
SOURCE AGENT,0,889,81967.0,14.033333333333333,185520.0,60.0
SOURCE AGENT,0,890,82804.0,12.876923076923077,185585.0,65.0
SOURCE AGENT,0,891,83766.0,24.666666666666668,185624.0,39.0
SOURCE AGENT,0,892,84729.0,25.342105263157894,185662.0,38.0
SOURCE AGENT,0,893,85695.0,27.6,185697.0,35.0
SOURCE AGENT,0,894,86662.0,28.441176470588236,185731.0,34.0
SOURCE AGENT,0,895,87630.0,29.333333333333332,185764.0,33.0
SOURCE AGENT,0,896,88597.0,28.441176470588236,185798.0,34.0
SOURCE AGENT,0,897,89563.0,27.6,185833.0,35.0
SOURCE AGENT,0,898,90527.0,26.054054054054053,185870.0,37.0
SOURCE AGENT,0,899,91489.0,24.666666666666668,185909.0,39.0
SOURCE AGENT,0,900,92455.0,27.6,185944.0,35.0
SOURCE AGENT,0,901,93418.0,25.342105263157894,185982.0,38.0
SOURCE AGENT,0,902,94255.0,12.876923076923077,186047.0,65.0
SOURCE AGENT,0,903,94493.0,0.8880597014925373,186315.0,268.0
SOURCE AGENT,0,904,95073.0,4.67741935483871,186439.0,124.0
SOURCE AGENT,0,905,96036.0,25.342105263157894,186477.0,38.0
SOURCE AGENT,0,906,97001.0,26.805555555555557,186513.0,36.0
SOURCE AGENT,0,907,97839.0,13.09375,186577.0,64.0
SOURCE AGENT,0,908,98676.0,12.876923076923077,186642.0,65.0
SOURCE AGENT,0,909,99640.0,26.054054054054053,186679.0,37.0
SOURCE AGENT,0,910,100607.0,28.441176470588236,186713.0,34.0
SOURCE AGENT,0,911,101572.0,26.805555555555557,186749.0,36.0
SOURCE AGENT,0,912,102263.0,6.169642857142857,186861.0,112.0
SOURCE AGENT,0,913,103226.0,25.342105263157894,186899.0,38.0
SOURCE AGENT,0,914,104192.0,27.6,186934.0,35.0
SOURCE AGENT,0,915,105153.0,24.025,186974.0,40.0
SOURCE AGENT,0,916,105993.0,13.548387096774194,187036.0,62.0
SOURCE AGENT,0,917,106958.0,26.805555555555557,187072.0,36.0
SOURCE AGENT,0,918,107562.0,6.04,187172.0,100.0
SOURCE AGENT,0,919,108527.0,26.805555555555557,187208.0,36.0
SOURCE AGENT,0,920,109494.0,28.441176470588236,187242.0,34.0
SOURCE AGENT,0,921,110330.0,12.666666666666666,187308.0,66.0
SOURCE AGENT,0,922,111047.0,8.337209302325581,187394.0,86.0
SOURCE AGENT,0,923,112013.0,27.6,187429.0,35.0
SOURCE AGENT,0,924,112977.0,26.054054054054053,187466.0,37.0
SOURCE AGENT,0,925,113941.0,26.054054054054053,187503.0,37.0
SOURCE AGENT,0,926,114905.0,26.054054054054053,187540.0,37.0
SOURCE AGENT,0,927,115870.0,26.805555555555557,187576.0,36.0
SOURCE AGENT,0,928,116705.0,12.462686567164178,187643.0,67.0
SOURCE AGENT,0,929,117672.0,28.441176470588236,187677.0,34.0
SOURCE AGENT,0,930,118634.0,24.666666666666668,187716.0,39.0
SOURCE AGENT,0,931,119471.0,12.876923076923077,187781.0,65.0
SOURCE AGENT,0,932,120432.0,24.025,187821.0,40.0
SOURCE AGENT,0,933,119993.0,-2.869281045751634,187974.0,153.0
SOURCE AGENT,0,934,120956.0,25.342105263157894,188012.0,38.0
SOURCE AGENT,0,935,121922.0,27.6,188047.0,35.0
SOURCE AGENT,0,936,122886.0,26.054054054054053,188084.0,37.0
SOURCE AGENT,0,937,123851.0,26.805555555555557,188120.0,36.0
SOURCE AGENT,0,938,124813.0,24.666666666666668,188159.0,39.0
SOURCE AGENT,0,939,125777.0,26.054054054054053,188196.0,37.0
SOURCE AGENT,0,940,126743.0,27.6,188231.0,35.0
SOURCE AGENT,0,941,127705.0,24.666666666666668,188270.0,39.0
SOURCE AGENT,0,942,128666.0,24.025,188310.0,40.0
SOURCE AGENT,0,943,129627.0,24.025,188350.0,40.0
SOURCE AGENT,0,944,130594.0,28.441176470588236,188384.0,34.0
SOURCE AGENT,0,945,131560.0,27.6,188419.0,35.0
SOURCE AGENT,0,946,132527.0,28.441176470588236,188453.0,34.0
SOURCE AGENT,0,947,133489.0,24.666666666666668,188492.0,39.0
SOURCE AGENT,0,948,134452.0,25.342105263157894,188530.0,38.0
SOURCE AGENT,0,949,135418.0,27.6,188565.0,35.0
SOURCE AGENT,0,950,136383.0,26.805555555555557,188601.0,36.0
SOURCE AGENT,0,951,137351.0,29.333333333333332,188634.0,33.0
SOURCE AGENT,0,952,137755.0,3.9607843137254903,188736.0,102.0
SOURCE AGENT,0,953,138721.0,27.6,188771.0,35.0
SOURCE AGENT,0,954,139561.0,13.548387096774194,188833.0,62.0
SOURCE AGENT,0,955,140528.0,28.441176470588236,188867.0,34.0
SOURCE AGENT,0,956,141492.0,26.054054054054053,188904.0,37.0
SOURCE AGENT,0,957,142455.0,25.342105263157894,188942.0,38.0
SOURCE AGENT,0,958,143422.0,28.441176470588236,188976.0,34.0
SOURCE AGENT,0,959,144388.0,27.6,189011.0,35.0
SOURCE AGENT,0,960,145353.0,26.805555555555557,189047.0,36.0
SOURCE AGENT,0,961,146190.0,12.876923076923077,189112.0,65.0
SOURCE AGENT,0,962,147156.0,27.6,189147.0,35.0
SOURCE AGENT,0,963,148120.0,26.054054054054053,189184.0,37.0
SOURCE AGENT,0,964,148960.0,13.548387096774194,189246.0,62.0
SOURCE AGENT,0,965,149925.0,26.805555555555557,189282.0,36.0
SOURCE AGENT,0,966,150765.0,13.548387096774194,189344.0,62.0
SOURCE AGENT,0,967,151729.0,26.054054054054053,189381.0,37.0
SOURCE AGENT,0,968,152694.0,26.805555555555557,189417.0,36.0
SOURCE AGENT,0,969,153660.0,27.6,189452.0,35.0
SOURCE AGENT,0,970,154623.0,25.342105263157894,189490.0,38.0
SOURCE AGENT,0,971,155590.0,28.441176470588236,189524.0,34.0
SOURCE AGENT,0,972,156429.0,13.317460317460318,189587.0,63.0
SOURCE AGENT,0,973,157278.0,16.0188679245283,189640.0,53.0
SOURCE AGENT,0,974,158244.0,27.6,189675.0,35.0
SOURCE AGENT,0,975,159207.0,25.342105263157894,189713.0,38.0
SOURCE AGENT,0,976,160171.0,26.054054054054053,189750.0,37.0
SOURCE AGENT,0,977,161134.0,25.342105263157894,189788.0,38.0
SOURCE AGENT,0,978,162097.0,25.342105263157894,189826.0,38.0
SOURCE AGENT,0,979,162541.0,7.161290322580645,189888.0,62.0
SOURCE AGENT,0,980,162885.0,5.4603174603174605,189951.0,63.0
SOURCE AGENT,0,981,163849.0,26.054054054054053,189988.0,37.0
SOURCE AGENT,0,982,164812.0,25.342105263157894,190026.0,38.0
SOURCE AGENT,0,983,165777.0,26.805555555555557,190062.0,36.0
SOURCE AGENT,0,984,166742.0,26.805555555555557,190098.0,36.0
SOURCE AGENT,0,985,167580.0,13.09375,190162.0,64.0
SOURCE AGENT,0,986,168547.0,28.441176470588236,190196.0,34.0
SOURCE AGENT,0,987,169511.0,26.054054054054053,190233.0,37.0
SOURCE AGENT,0,988,170474.0,25.342105263157894,190271.0,38.0
SOURCE AGENT,0,989,171440.0,27.6,190306.0,35.0
SOURCE AGENT,0,990,171884.0,7.161290322580645,190368.0,62.0
SOURCE AGENT,0,991,172848.0,26.054054054054053,190405.0,37.0
SOURCE AGENT,0,992,173812.0,26.054054054054053,190442.0,37.0
SOURCE AGENT,0,993,174654.0,14.033333333333333,190502.0,60.0
SOURCE AGENT,0,994,175619.0,26.805555555555557,190538.0,36.0
SOURCE AGENT,0,995,176459.0,13.548387096774194,190600.0,62.0
SOURCE AGENT,0,996,177421.0,24.666666666666668,190639.0,39.0
SOURCE AGENT,0,997,178387.0,27.6,190674.0,35.0
SOURCE AGENT,0,998,179089.0,6.9504950495049505,190775.0,101.0
SOURCE AGENT,0,999,180055.0,27.6,190810.0,35.0
